run_name,seqeval_precision,seqeval_recall,seqeval_f1,critical_recall,false_positive_rate,seconds_per_example
baseline_opf_eval300,0.6716417910447762,0.533175355450237,0.59445178335535,0.762589928057554,0.3283582089552239,0.9991678233266672
hybrid_opf_regex_eval300,0.747093023255814,0.6090047393364929,0.6710182767624021,0.8129496402877698,0.25290697674418605,0.9833885413866664
delta_hybrid_minus_baseline,0.07545123221103778,0.07582938388625593,0.07656649340705213,0.05035971223021585,-0.07545123221103783,-0.015779281940000778
