run_name,rows,device,seqeval_precision,seqeval_recall,seqeval_f1,exact_precision,exact_recall,exact_f1,tp,fp,fn,total_seconds,seconds_per_example
baseline_openai_privacy_filter,300,cuda,0.6716417910447762,0.533175355450237,0.59445178335535,0.6716417910447762,0.533175355450237,0.59445178335535,225,110,197,310.8832088270001,1.036277362756667
baseline_opf_eval300,300,cuda,0.6716417910447762,0.533175355450237,0.59445178335535,0.6716417910447762,0.533175355450237,0.59445178335535,225,110,197,0.762589928057554,0.3283582089552239,299.75034699800017,0.9991678233266672
hybrid_opf_regex_eval300,300,cuda,0.747093023255814,0.6090047393364929,0.6710182767624021,0.747093023255814,0.6090047393364929,0.6710182767624021,257,87,165,0.8129496402877698,0.25290697674418605,295.01656241599994,0.9833885413866664
